Datetime,Water Level (m)
2026-09-04 18:00:00,-0.22677003
2026-09-04 19:00:00,0.082446024
2026-09-04 20:00:00,0.4310884
2026-09-04 21:00:00,0.7024976
2026-09-04 22:00:00,0.88544124
2026-09-04 23:00:00,0.9801132
2026-09-05 00:00:00,0.99113137
2026-09-05 01:00:00,0.8966788
2026-09-05 02:00:00,0.6822858
2026-09-05 03:00:00,0.43144318
2026-09-05 04:00:00,0.24923415
2026-09-05 05:00:00,0.1260698
2026-09-05 06:00:00,0.07062049
2026-09-05 07:00:00,0.107909665
2026-09-05 08:00:00,0.24906392
2026-09-05 09:00:00,0.45216432
2026-09-05 10:00:00,0.6164115
2026-09-05 11:00:00,0.7003111
2026-09-05 12:00:00,0.71654356
2026-09-05 13:00:00,0.6537247
2026-09-05 14:00:00,0.5117278
2026-09-05 15:00:00,0.31700173
2026-09-05 16:00:00,0.13417669
2026-09-05 17:00:00,-0.01574034
2026-09-05 18:00:00,-0.116250515
2026-09-05 19:00:00,-0.1413036
2026-09-05 20:00:00,-0.011639051
2026-09-05 21:00:00,0.29659492
2026-09-05 22:00:00,0.5753674
2026-09-05 23:00:00,0.79448885
2026-09-06 00:00:00,0.9365662
2026-09-06 01:00:00,0.9897099
2026-09-06 02:00:00,0.9730818
2026-09-06 03:00:00,0.8694733
2026-09-06 04:00:00,0.6607943
2026-09-06 05:00:00,0.438589
2026-09-06 06:00:00,0.26761207
2026-09-06 07:00:00,0.15589517
2026-09-06 08:00:00,0.10414328
2026-09-06 09:00:00,0.09775055
2026-09-06 10:00:00,0.16888133
2026-09-06 11:00:00,0.37137634
2026-09-06 12:00:00,0.60130066
2026-09-06 13:00:00,0.7406726
2026-09-06 14:00:00,0.7908122
2026-09-06 15:00:00,0.72314787
2026-09-06 16:00:00,0.5284761
2026-09-06 17:00:00,0.2832063
2026-09-06 18:00:00,0.07892178
2026-09-06 19:00:00,-0.070749804
2026-09-06 20:00:00,-0.15125386
2026-09-06 21:00:00,-0.13512161
2026-09-06 22:00:00,0.046240512
2026-09-06 23:00:00,0.4179501
2026-09-07 00:00:00,0.7358768
2026-09-07 01:00:00,0.97403336
2026-09-07 02:00:00,1.1003245
2026-09-07 03:00:00,1.1367849
2026-09-07 04:00:00,1.0448539
2026-09-07 05:00:00,0.81836677
2026-09-07 06:00:00,0.5201678
2026-09-07 07:00:00,0.28429085
2026-09-07 08:00:00,0.11097501
2026-09-07 09:00:00,-0.0046244464
2026-09-07 10:00:00,-0.05756721
2026-09-07 11:00:00,-0.0011195103
2026-09-07 12:00:00,0.2933173
2026-09-07 13:00:00,0.637012
2026-09-07 14:00:00,0.87315965
2026-09-07 15:00:00,0.9946483
2026-09-07 16:00:00,0.96392447
2026-09-07 17:00:00,0.7705894
2026-09-07 18:00:00,0.4730677
2026-09-07 19:00:00,0.20558594
2026-09-07 20:00:00,0.0035718365
2026-09-07 21:00:00,-0.14144771
2026-09-07 22:00:00,-0.21363035
2026-09-07 23:00:00,-0.13793834
2026-09-08 00:00:00,0.30374882
2026-09-08 01:00:00,0.75427103
2026-09-08 02:00:00,1.0941553
2026-09-08 03:00:00,1.3059288
2026-09-08 04:00:00,1.3469733
2026-09-08 05:00:00,1.2188158
2026-09-08 06:00:00,0.9372985
2026-09-08 07:00:00,0.5843975
2026-09-08 08:00:00,0.31189215
2026-09-08 09:00:00,0.09911071
2026-09-08 10:00:00,-0.056441043
2026-09-08 11:00:00,-0.14848787
2026-09-08 12:00:00,-0.114853874
2026-09-08 13:00:00,0.32112634
2026-09-08 14:00:00,0.7663121
2026-09-08 15:00:00,1.0741258
2026-09-08 16:00:00,1.2329116
2026-09-08 17:00:00,1.1805202
2026-09-08 18:00:00,0.9132159
2026-09-08 19:00:00,0.556346
2026-09-08 20:00:00,0.2520196
2026-09-08 21:00:00,0.023971075
2026-09-08 22:00:00,-0.15329342
2026-09-08 23:00:00,-0.25921556
2026-09-09 00:00:00,-0.22655445
2026-09-09 01:00:00,0.27893114
2026-09-09 02:00:00,0.80527633
2026-09-09 03:00:00,1.2098817
2026-09-09 04:00:00,1.4667298
2026-09-09 05:00:00,1.4950889
2026-09-09 06:00:00,1.3182456
2026-09-09 07:00:00,0.950814
2026-09-09 08:00:00,0.56484723
2026-09-09 09:00:00,0.2756884
2026-09-09 10:00:00,0.04925391
2026-09-09 11:00:00,-0.1157609
2026-09-09 12:00:00,-0.22201675
2026-09-09 13:00:00,-0.14412747
2026-09-09 14:00:00,0.4638598
2026-09-09 15:00:00,0.938934
2026-09-09 16:00:00,1.2818773
2026-09-09 17:00:00,1.4344888
2026-09-09 18:00:00,1.3137473
2026-09-09 19:00:00,0.97438115
2026-09-09 20:00:00,0.565525
2026-09-09 21:00:00,0.25596344
2026-09-09 22:00:00,0.019236544
2026-09-09 23:00:00,-0.16090271
2026-09-10 00:00:00,-0.2752811
2026-09-10 01:00:00,-0.2342074
2026-09-10 02:00:00,0.40474063
2026-09-10 03:00:00,0.9603059
2026-09-10 04:00:00,1.3786196
2026-09-10 05:00:00,1.6106954
2026-09-10 06:00:00,1.5671458
2026-09-10 07:00:00,1.293185
2026-09-10 08:00:00,0.82795036
2026-09-10 09:00:00,0.4674878
2026-09-10 10:00:00,0.18670952
2026-09-10 11:00:00,-0.03815442
2026-09-10 12:00:00,-0.19780019
2026-09-10 13:00:00,-0.2912237
2026-09-10 14:00:00,-0.029977186
2026-09-10 15:00:00,0.6657036
2026-09-10 16:00:00,1.1309745
2026-09-10 17:00:00,1.4711951
2026-09-10 18:00:00,1.533277
